CONTINENT,POPIO_NAME
Asia,Afghanistan
Europe,Albania
Africa,Algeria
Africa,Angola
North America,Antigua and Barbuda
Africa,Arab Rep of Egypt
South America,Argentina
Asia,Armenia
North America,Aruba
Australia,Australia
Europe,Austria
Asia,Azerbaijan
Asia,Bahrain
Asia,Bangladesh
North America,Barbados
Europe,Belarus
Europe,Belgium
North America,Belize
Africa,Benin
Asia,Bhutan
South America,Bolivia
Europe,Bosnia and Herzegovina
Africa,Botswana
South America,Brazil
Asia,Brunei Darussalam
Europe,Bulgaria
Africa,Burkina Faso
Africa,Burundi
Africa,Cabo Verde
Asia,Cambodia
Africa,Cameroon
North America,Canada
Africa,Central African Republic
Africa,Chad
South America,Chile
Asia,China
South America,Colombia
Africa,Comoros
Africa,Congo
North America,Costa Rica
Africa,Cote-d-Ivoire
Europe,Croatia
North America,Cuba
Europe,Cyprus
Europe,Czech Republic
Asia,Dem Peoples Rep of Korea
Africa,Dem Rep of Congo
Europe,Denmark
Africa,Djibouti
North America,Dominican Republic
South America,Ecuador
North America,El Salvador
Africa,Equatorial Guinea
Africa,Eritrea
Europe,Estonia
Africa,Ethiopia
Oceania,Federated States of Micronesia
Oceania,Fiji
Europe,Finland
Europe,France
South America,French Guiana
Oceania,French Polynesia
Europe,FYR Macedonia
Africa,Gabon
Asia,Georgia
Europe,Germany
Africa,Ghana
Europe,Greece
North America,Grenada
North America,Guadeloupe
Oceania,Guam
North America,Guatemala
Africa,Guinea
Africa,Guinea-Bissau
South America,Guyana
North America,Haiti
North America,Honduras
Europe,Hungary
Europe,Iceland
Asia,India
Asia,Indonesia
Asia,Iraq
Europe,Ireland
Asia,Islamic Republic of Iran
Asia,Israel
Europe,Italy
North America,Jamaica
Asia,Japan
Asia,Jordan
Asia,Kazakhstan
Africa,Kenya
Oceania,Kiribati
Asia,Kuwait
Asia,Kyrgyz Republic
Asia,Lao PDR
Europe,Latvia
Asia,Lebanon
Africa,Lesotho
Africa,Liberia
Africa,Libya
Europe,Lithuania
Europe,Luxembourg
Africa,Madagascar
Africa,Malawi
Asia,Malaysia
Asia,Maldives
Africa,Mali
Europe,Malta
North America,Martinique
Africa,Mauritania
Africa,Mauritius
Africa,Mayotte
North America,Mexico
Europe,Moldova
Asia,Mongolia
Europe,Montenegro
Africa,Morocco
Africa,Mozambique
Asia,Myanmar
Africa,Namibia
Asia,Nepal
Oceania,New Caledonia
Oceania,New Zealand
North America,Nicaragua
Africa,Niger
Africa,Nigeria
Europe,Norway
Antarctica,Norway
Asia,Oman
Asia,Pakistan
North America,Panama
Asia,Papua New Guinea
South America,Paraguay
South America,Peru
Asia,Philippines
Europe,Poland
Europe,Portugal
North America,Puerto Rico
Asia,Qatar
South America,RB-de-Venezuela
Asia,Rep of Korea
Asia,Rep of Yemen
Africa,Reunion
Europe,Romania
Asia,Russian Federation
Africa,Rwanda
Oceania,Samoa
Africa,Sao Tome and Principe
Asia,Saudi Arabia
Africa,Senegal
Europe,Serbia
Africa,Seychelles
Africa,Sierra Leone
Asia,Singapore
Europe,Slovak Republic
Europe,Slovenia
Oceania,Solomon Islands
Africa,Somalia
Africa,South Africa
Europe,Spain
Asia,Sri Lanka
North America,St-Lucia
North America,St-Vincent and the Grenadines
Africa,Sudan
South America,Suriname
Africa,Swaziland
Europe,Sweden
Europe,Switzerland
Asia,Syrian Arab Rep
Asia,Tajikistan
Africa,Tanzania
Asia,Thailand
North America,The Bahamas
Africa,The Gambia
Europe,The Netherlands
Africa,Togo
Oceania,Tonga
North America,Trinidad and Tobago
Africa,Tunisia
Asia,Turkey
Asia,Turkmenistan
Africa,Uganda
Europe,Ukraine
Asia,United Arab Emirates
Europe,United Kingdom
North America,United States
South America,Uruguay
North America,US Virgin Islands
Asia,Uzbekistan
Oceania,Vanuatu
Asia,Vietnam
Africa,Western Sahara
Africa,Zambia
Africa,Zimbabwe
